Name,Rating,Pricing,Number of Reviews
GRAY'S On Main,3.7,2,683
Red Pony,4.4,3,551
Cork & Cow,4.3,3,323
Puckett's Grocery & Restaurant,4.2,2,1119
O' Be Joyful,4.1,2,119
55 South - Franklin,4.2,2,760
Culaccino,4.2,3,272
McCreary's Irish Pub and Eatery,3.9,2,200
Serrato's Steakhouse,4.6,2,189
Pueblo Real Mexican Restaurant - Franklin,4.3,2,367
Mellow Mushroom Franklin,3.5,2,359
JJ's Wine Bar,4.0,2,154
BrickTop's,4.0,2,327
Frothy Monkey,4.0,2,552
Ruby Sunshine,4.0,2,534
Biscuit Love - Franklin,4.0,2,574
Chrysalis,4.5,2,367
Mojo's Tacos,4.1,2,383
Merridee's Breadbasket,4.1,2,432
1799 Kitchen & Cocktails,3.7,N/A,80
Franklin Chop House,3.9,2,182
Ground Restaurant,4.3,2,157
Hop House Tennessee Taps,4.5,N/A,63
Brixx Wood Fired Pizza + Craft Bar,4.0,2,271
Pasta and Cream,4.6,2,378
Quinn's Neighbourhood Pub and Eatery,4.0,2,271
The White Alligator,4.5,N/A,40
North Italia- Franklin,4.1,2,241
Tupelo Honey Southern Kitchen & Bar,4.0,2,1246
Sperry's Restaurant,4.1,3,406
J. Alexander's,4.0,2,400
Franklin Mercantile Deli,3.7,1,148
The Coffee House at Second and Bridge,4.2,2,207
Zolo's Italian Restaurant,3.3,2,155
Hogwood BBQ,4.3,2,455
Koi Sushi & Thai,4.0,2,219
Mi Kitchen,4.8,N/A,137
Big Shake's Hot Chicken & Fish,4.0,2,502
Sakura Japanese Restaurant,3.9,2,87
Pita Way - Cool Springs,4.8,2,119
Ground Restaurant - Cool Springs,4.4,2,487
Stoney River,4.0,3,346
Sal's Family Pizza,3.8,2,212
Hattie B's Hot Chicken - Franklin,4.4,2,30
Bestia Mare,3.9,N/A,33
Wild Ginger Restaurant,4.1,2,544
Coal Town Public House,4.0,2,65
Ice Point Cafe,4.6,2,137
House of India,4.6,2,637
Franklin Bakehouse,4.2,2,81
